split,acc,top5,f1
val,0.75,0.975,0.7609146559494857
test,0.695,0.985,0.6935341864018334
